有害事象,is_tnf
肺炎,1381.0
間質性肺疾患,1280.0
ニューモシスチス・イロベチイ肺炎,827.0
帯状疱疹,362.0
発熱,307.0
敗血症,300.0
肺結核,282.0
細菌性肺炎,271.0
リンパ腫,256.0
蜂巣炎,251.0
注入に伴う反応,229.0
リンパ増殖性障害,186.0
汎血球減少症,174.0
器質化肺炎,167.0
播種性結核,156.0
結核,142.0
乳癌,136.0
肝機能異常,131.0
発疹,131.0
細菌性関節炎,125.0
肺の悪性新生物,124.0
白血球数減少,119.0
非定型マイコバクテリア感染,118.0
腎盂腎炎,116.0
結腸癌,111.0
びまん性大細胞型Ｂ細胞性リンパ腫,109.0
血小板数減少,108.0
尿路感染,101.0
関節リウマチ,97.0
結核性胸膜炎,95.0
胸膜炎,95.0
ループス様症候群,93.0
胃癌,93.0
敗血症性ショック,85.0
死亡,81.0
心不全,80.0
全身性エリテマトーデス,79.0
胸水,76.0
状態悪化,73.0
気管支炎,73.0
脳梗塞,72.0
結核性腹膜炎,72.0
感染,67.0
貧血,66.0
倦怠感,64.0
ホジキン病,63.0
サイトメガロウイルス感染,62.0
播種性血管内凝固,62.0
腸閉塞,62.0
潰瘍性大腸炎,60.0
腎機能障害,58.0
関節痛,58.0
血圧低下,57.0
アナフィラキシー様反応,57.0
腹膜炎,56.0
肝障害,56.0
Ｂ型肝炎再活性化,53.0
転倒,53.0
呼吸困難,53.0
気管支肺アスペルギルス症,51.0
クリプトコッカス性肺炎,48.0
紅斑,47.0
サルコイドーシス,45.0
浮動性めまい,44.0
イレウス,44.0
ネフローゼ症候群,44.0
アナフィラキシーショック,43.0
下痢,43.0
感染性腸炎,43.0
骨折,43.0
肺障害,42.0
急性腎障害,42.0
骨髄炎,41.0
血球貪食性リンパ組織球症,41.0
骨髄機能不全,40.0
ヘノッホ・シェーンライン紫斑病,40.0
白内障,40.0
Ｃ−反応性蛋白増加,40.0
リンパ節結核,39.0
医療機器関連感染,39.0
呼吸不全,39.0
菌血症,38.0
嘔吐,37.0
感染性胸水,37.0
肝膿瘍,37.0
感染性関節炎,37.0
アナフィラキシー反応,36.0
腸炎,36.0
急性膵炎,36.0
ブドウ球菌感染,35.0
薬疹,35.0
肺炎球菌性肺炎,35.0
脱髄,35.0
急性腎盂腎炎,35.0
インフルエンザ,35.0
急性呼吸窮迫症候群,34.0
咳嗽,34.0
掌蹠膿疱症,33.0
胃腸炎,33.0
子宮癌,33.0
蕁麻疹,32.0
肺膿瘍,32.0
多形紅斑,32.0
脳出血,31.0
製品使用の問題,31.0
関節炎,30.0
多臓器機能不全症候群,30.0
血小板減少症,30.0
直腸癌,30.0
悪心,30.0
Ｂ型肝炎,30.0
サイトメガロウイルス性腸炎,29.0
処置後感染,29.0
心筋梗塞,29.0
膵癌,29.0
腎不全,29.0
うっ血性心不全,29.0
悪性新生物,28.0
血圧上昇,28.0
ブドウ球菌性敗血症,28.0
膿疱性乾癬,28.0
四肢膿瘍,27.0
腹部膿瘍,27.0
筋力低下,27.0
レジオネラ菌性肺炎,27.0
視神経炎,27.0
急速進行性糸球体腎炎,27.0
再生不良性貧血,26.0
血管炎,26.0
胆嚢炎,26.0
くも膜下出血,26.0
虫垂炎,26.0
子宮頚部癌,26.0
大腿骨骨折,25.0
好中球減少症,25.0
誤嚥性肺炎,25.0
皮下組織膿瘍,25.0
前立腺癌,25.0
入院,25.0
多発性筋炎,25.0
腸管穿孔,25.0
胃潰瘍,25.0
心内膜炎,25.0
自然流産,25.0
腸管狭窄,25.0
流産,25.0
頭痛,25.0
リステリア症,24.0
マイコバクテリウム・アビウムコンプレックス感染,24.0
卵巣癌,24.0
細菌性髄膜炎,24.0
急性骨髄性白血病,23.0
肺腺癌,23.0
クローン病,23.0
副鼻腔炎,23.0
乾癬,23.0
大腸穿孔,23.0
髄膜炎,23.0
Ｂ細胞性リンパ腫,22.0
腹水,22.0
血中クレアチンホスホキナーゼ増加,22.0
心房細動,22.0
肺胞出血,22.0
憩室炎,22.0
治療効果減弱,22.0
そう痒症,22.0
メレナ,22.0
肝転移,22.0
適応外使用,22.0
皮膚筋炎,22.0
膀胱癌,21.0
尿細管間質性腎炎,21.0
脊椎圧迫骨折,21.0
好中球数減少,21.0
上咽頭炎,21.0
エプスタイン・バーウイルス感染,21.0
意識変容状態,21.0
肺塞栓症,21.0
マイコプラズマ性肺炎,21.0
深部静脈血栓症,21.0
突然死,21.0
食欲減退,21.0
膵炎,20.0
意識消失,20.0
肺真菌症,20.0
過敏性血管炎,20.0
薬効欠如,20.0
薬物性肝障害,20.0
腎障害,20.0
無顆粒球症,20.0
腰筋膿瘍,19.0
節外性辺縁帯Ｂ細胞リンパ腫（ＭＡＬＴ型）,19.0
胃腸出血,19.0
急性心筋梗塞,19.0
感染性脊椎炎,19.0
ループス腎炎,19.0
低出生体重児,19.0
皮下出血,19.0
出血,19.0
早産児,19.0
乾癬様皮膚炎,19.0
気胸,18.0
サイトメガロウイルス性肺炎,18.0
術後創感染,18.0
横紋筋融解症,18.0
骨髄異形成症候群,18.0
肝不全,18.0
低カリウム血症,18.0
白血球減少症,18.0
好酸球性肺炎,18.0
マイコバクテリア感染,17.0
リンパ節症,17.0
肛門膿瘍,17.0
消化器結核,17.0
甲状腺癌,17.0
真菌感染,17.0
膿瘍,17.0
注射部位紅斑,17.0
中毒性皮疹,17.0
免疫性血小板減少症,17.0
末梢性浮腫,17.0
腹痛,17.0
皮膚潰瘍,17.0
不適切な製品適用計画,17.0
脱水,17.0
発熱性好中球減少症,16.0
シュードモナス性肺炎,16.0
リステリア性敗血症,16.0
亜イレウス,16.0
ベーチェット症候群,16.0
糖尿病,16.0
消化管穿孔,16.0
自己免疫性肝炎,16.0
丹毒,16.0
急性呼吸不全,15.0
ギラン・バレー症候群,15.0
女性乳癌,15.0
圧迫骨折,15.0
肛門癌,15.0
類天疱瘡,15.0
内出血,15.0
血便排泄,15.0
末梢性ニューロパチー,15.0
水痘,15.0
腎癌,15.0
疼痛,15.0
ぶどう膜炎,15.0
膀胱炎,15.0
エプスタイン・バーウイルス感染再燃,15.0
扁桃炎,14.0
体重減少,14.0
動悸,14.0
注射部位疼痛,14.0
脱毛症,14.0
ショック,14.0
壊疽性膿皮症,14.0
白質脳症,14.0
紫斑,14.0
筋膿瘍,14.0
筋炎,14.0
関節障害,14.0
過敏症,14.0
痙攣発作,14.0
心膜炎,14.0
真菌性肺炎,14.0
クリプトコッカス性髄膜炎,14.0
４型過敏症,13.0
抗好中球細胞質抗体陽性血管炎,13.0
クリプトコッカス症,13.0
肺扁平上皮癌,13.0
肺臓炎,13.0
スティーヴンス・ジョンソン症候群,13.0
壊死性筋膜炎,13.0
胆石症,13.0
非ホジキンリンパ腫,13.0
潮紅,13.0
リンパ節炎,13.0
肝細胞癌,13.0
外科手術,13.0
未承認の適応に対する製品使用,13.0
脳症,13.0
シェーグレン症候群,13.0
白血球数増加,13.0
感覚鈍麻,13.0
脳膿瘍,13.0
末梢性Ｔ細胞性リンパ腫、組織型不明,12.0
全身性カンジダ,12.0
肺線維症,12.0
不整脈,12.0
細気管支炎,12.0
ヘルペスウイルス感染,12.0
急性心不全,12.0
ウイルス性髄膜炎,12.0
気管支拡張症,12.0
乳頭様甲状腺癌,12.0
強膜炎,12.0
背部痛,12.0
悪寒,12.0
胸痛,12.0
椎間板炎,12.0
疾患再発,12.0
小腸穿孔,12.0
硬膜外膿瘍,12.0
高血圧,12.0
慢性炎症性脱髄性多発根ニューロパチー,12.0
血球減少症,12.0
多発性硬化症,12.0
咽頭炎,12.0
肺水腫,12.0
血中クレアチニン増加,12.0
狭心症,12.0
大腸炎,11.0
高安動脈炎,11.0
口内炎,11.0
エプスタイン・バーウイルス関連リンパ増殖性障害,11.0
上気道の炎症,11.0
認知症,11.0
無菌性髄膜炎,11.0
小細胞肺癌,11.0
気道感染,11.0
肝癌,11.0
創傷感染,11.0
ブドウ球菌性肺炎,11.0
形質細胞性骨髄腫,11.0
免疫不全症,11.0
皮膚剥脱,11.0
過敏性肺臓炎,11.0
免疫抑制,11.0
結核性髄膜炎,11.0
浮腫,11.0
皮膚有棘細胞癌,11.0
成人Ｔ細胞リンパ腫・白血病,11.0
好酸球増加と全身症状を伴う薬物反応,11.0
体調不良,10.0
基底細胞癌,10.0
ＩｇＡ腎症,10.0
脱髄性多発ニューロパチー,10.0
亜急性甲状腺炎,10.0
分娩開始切迫,10.0
脳炎,10.0
関節破壊,10.0
腎盂炎,10.0
食道癌,10.0
切迫早産,10.0
扁平上皮癌,10.0
劇症肝炎,10.0
ウイルス感染,10.0
肺転移,10.0
顆粒球数減少,10.0
ウイルス性胃腸炎,10.0
喘息,10.0
舌の悪性新生物、病期不明,10.0
意識レベルの低下,10.0
肺腫瘤,10.0
細胞マーカー増加,10.0
アスペルギルス感染,9.0
低血糖,9.0
肝酵素上昇,9.0
関節腫脹,9.0
急性胆嚢炎,9.0
憩室穿孔,9.0
クラミジア性肺炎,9.0
Ｃ型肝炎,9.0
血中アルカリホスファターゼ増加,9.0
高体温症,9.0
リウマチ性血管炎,9.0
回腸穿孔,9.0
耳下腺炎,9.0
血尿,9.0
偽膜性大腸炎,9.0
Ｔ細胞性リンパ腫,9.0
慢性骨髄性白血病,9.0
免疫再構築炎症反応症候群,9.0
注射部位腫脹,9.0
皮膚癌,9.0
アラニンアミノトランスフェラーゼ増加,9.0
アスパラギン酸アミノトランスフェラーゼ増加,9.0
突発性難聴,9.0
骨盤骨折,9.0
早産,9.0
レンサ球菌感染,9.0
膿疱性皮疹,9.0
網膜出血,9.0
急性Ｂ型肝炎,9.0
ヘモグロビン減少,9.0
四肢痛,9.0
投与に伴う反応,9.0
ブドウ球菌性化膿性関節炎,9.0
湿疹,9.0
筋肉痛,9.0
脳血管発作,9.0
悪性胸水,9.0
浸潤性乳管癌,8.0
後腹膜膿瘍,8.0
大腿骨頚部骨折,8.0
性器出血,8.0
脊椎炎,8.0
細菌感染,8.0
腱断裂,8.0
変形性関節症,8.0
心嚢液貯留,8.0
疾患進行,8.0
肝硬変,8.0
悪性黒色腫,8.0
眼内炎,8.0
易感染性亢進,8.0
大動脈瘤破裂,8.0
喀血,8.0
日和見感染,8.0
再発乳癌,8.0
肝機能検査値上昇,8.0
胸部Ｘ線異常,8.0
黄疸,8.0
食道カンジダ症,8.0
腹壁膿瘍,8.0
ヘルペス性髄膜脳炎,8.0
ウイルス性腸炎,8.0
ラクナ梗塞,8.0
顎骨壊死,8.0
顔面浮腫,8.0
カンジダ感染,8.0
レンサ球菌性肺炎,8.0
上気道感染,8.0
低酸素症,8.0
虚血性大腸炎,8.0
関節結核,8.0
難聴,7.0
脳新生物,7.0
急性肝炎,7.0
歩行障害,7.0
疲労,7.0
感染性動脈瘤,7.0
皮膚感染,7.0
頻脈,7.0
無力症,7.0
ストレス心筋症,7.0
小腸癌,7.0
ノカルジア症,7.0
心停止,7.0
腎炎,7.0
小脳梗塞,7.0
譫妄,7.0
子宮頚部上皮異形成,7.0
子宮平滑筋腫,7.0
視力障害,7.0
大腸菌性敗血症,7.0
血管中心性リンパ腫,7.0
緑内障,7.0
胆管癌,7.0
回腸狭窄,7.0
肺炎球菌感染,7.0
潰瘍性角膜炎,7.0
心肺停止,7.0
骨転移,7.0
末梢腫脹,7.0
湿性咳嗽,7.0
腸結核,7.0
損傷,7.0
γ−グルタミルトランスフェラーゼ増加,7.0
ＤＮＡ抗体陽性,7.0
骨結核,7.0
骨壊死,7.0
注射部位そう痒感,7.0
腫脹,6.0
リンパ節転移,6.0
足変形,6.0
真菌血症,6.0
脊髄炎,6.0
Ｂ型肝炎ウイルス検査陽性,6.0
帯状疱疹性髄膜炎,6.0
循環虚脱,6.0
網膜静脈閉塞,6.0
ブドウ球菌性膿瘍,6.0
顔面麻痺,6.0
アレルギー性皮膚炎,6.0
低アルブミン血症,6.0
ニューモシスチス・イロベチイ感染,6.0
ヘモフィルス性肺炎,6.0
妊娠高血圧,6.0
リンパ球数減少,6.0
十二指腸潰瘍,6.0
ボーエン病,6.0
便秘,6.0
リステリア菌性髄膜炎,6.0
新生物,6.0
耳帯状疱疹,6.0
血管デバイス感染,6.0
日常活動における個人の自立の喪失,6.0
注射部位出血,6.0
多発性単ニューロパチー,6.0
心筋炎,6.0
静脈炎,6.0
薬剤逆説反応,6.0
出血性ショック,6.0
カンジダ性敗血症,6.0
顕微鏡的多発血管炎,6.0
出血性胃潰瘍,6.0
低ナトリウム血症,6.0
感染性腱鞘炎,6.0
肺炎球菌性菌血症,6.0
ＳＡＰＨＯ症候群,6.0
腎結石症,6.0
クロストリジウム・ディフィシレ大腸炎,6.0
甲状腺機能低下症,6.0
感染性滑液包炎,6.0
エプスタイン・バーウイルス関連リンパ腫,6.0
サイトメガロウイルス感染再燃,6.0
ウイルス性肺炎,6.0
ウイルス性脳炎,6.0
シュードモナス感染,6.0
上腕骨骨折,6.0
鉄欠乏性貧血,6.0
壊死性血管炎,5.0
血中乳酸脱水素酵素増加,5.0
喉頭癌,5.0
薬物過敏症,5.0
呼吸窮迫,5.0
血中尿素増加,5.0
水疱,5.0
肝機能検査異常,5.0
肛門直腸の悪性新生物,5.0
血栓症,5.0
血中β−Ｄ−グルカン増加,5.0
回転性めまい,5.0
肺外結核,5.0
上肢骨折,5.0
血小板減少性紫斑病,5.0
血中トリグリセリド増加,5.0
注射部位反応,5.0
血管浮腫,5.0
ノロウイルス性胃腸炎,5.0
慢性腎臓病,5.0
炎症,5.0
慢性心不全,5.0
滑液包炎,5.0
顆粒球減少症,5.0
扁桃周囲膿瘍,5.0
熱中症,5.0
片側失明,5.0
関節脱臼,5.0
骨粗鬆症,5.0
重症筋無力症,5.0
肺陰影,5.0
インフルエンザ性肺炎,5.0
徐脈,5.0
網膜血管炎,5.0
皮膚Ｔ細胞性リンパ腫,5.0
帝王切開,5.0
播種性帯状疱疹,5.0
穿孔性胃潰瘍,5.0
筋骨格痛,5.0
紅斑性皮疹,5.0
ヘルニア,5.0
好酸球数増加,5.0
黄斑浮腫,5.0
ムンプス,5.0
大腸ポリープ,5.0
大動脈解離,5.0
網膜剥離,5.0
肺門リンパ節腫脹,5.0
妊娠時の母体の曝露,5.0
胸部不快感,5.0
僧帽弁閉鎖不全症,5.0
腸管膿瘍,5.0
胎児死亡,5.0
化膿,5.0
卵巣嚢胞,5.0
膿皮症,5.0
前期破水,5.0
膜性糸球体腎炎,5.0
臍帯頚部巻絡,5.0
口腔咽頭痛,5.0
腎細胞癌,5.0
劇症型溶血性レンサ球菌感染症,4.0
過小食,4.0
結節性紅斑,4.0
パスツレラ感染,4.0
単純ヘルペス,4.0
蓄膿,4.0
顔面腫脹,4.0
皮膚炎,4.0
被殻出血,4.0
大腸狭窄,4.0
皮膚結核,4.0
腹部膨満,4.0
大腸菌性膀胱炎,4.0
マラスムス,4.0
結核菌群検査陽性,4.0
多発性関節炎,4.0
結膜出血,4.0
過少量投与,4.0
カンジダ性肺炎,4.0
マトリックスメタロプロテイナーゼ−３増加,4.0
心室細動,4.0
胎児発育不全,4.0
膿疱,4.0
遠隔転移を伴う乳癌,4.0
リウマチ性多発筋痛,4.0
心拍数増加,4.0
縦隔リンパ節腫脹,4.0
慢性副鼻腔炎,4.0
中耳炎,4.0
皮膚エリテマトーデス,4.0
リウマチ肺,4.0
結核性心膜炎,4.0
進行性多巣性白質脳症,4.0
マイコバクテリウム・マリヌム感染,4.0
腎膿瘍,4.0
フルニエー壊疽,4.0
振戦,4.0
ブドウ球菌性創感染,4.0
挫傷,4.0
眼圧上昇,4.0
溶血性貧血,4.0
ヘノッホ・シェーンライン紫斑病性腎炎,4.0
腎盂の悪性新生物,4.0
小腸狭窄,4.0
小腸炎,4.0
ブドウ球菌性菌血症,4.0
消化管壊死,4.0
神経系障害,4.0
稽留流産,4.0
尿閉,4.0
低補体血症,4.0
細菌性髄膜脳炎,4.0
全身性浮腫,4.0
視力低下,4.0
胆管結石,4.0
全身性剥脱性皮膚炎,4.0
強皮症,4.0
腰椎骨折,4.0
高窒素血症,4.0
高カルシウム血症,4.0
ヘルペス性食道炎,4.0
中咽頭癌,4.0
高カリウム血症,4.0
腫瘤,4.0
真菌性眼内炎,4.0
ヘルペス眼感染,4.0
転移,4.0
遠隔転移を伴う肝癌,4.0
全身健康状態悪化,4.0
エプスタイン・バーウイルス検査陽性,4.0
腺癌,4.0
脳性ナトリウム利尿ペプチド増加,4.0
口腔ヘルペス,4.0
てんかん,4.0
嚥下障害,4.0
呼吸障害,4.0
肝脾Ｔ細胞リンパ腫,4.0
虹彩炎,4.0
肝腎症候群,4.0
非定型マイコバクテリア肺炎,4.0
瘻孔,4.0
サルモネラ菌性胃腸炎,4.0
急性肝不全,4.0
膝関節形成,4.0
感覚障害,4.0
うつ病,4.0
異常感,4.0
膜性増殖性糸球体腎炎,4.0
上腹部痛,4.0
病的骨折,4.0
下肢骨折,4.0
切迫流産,4.0
肺嚢胞,4.0
限局性感染,4.0
死産,4.0
肺気腫,4.0
肺新生物,4.0
血小板数増加,4.0
門脈血栓症,4.0
心障害,4.0
血栓性血小板減少性紫斑病,4.0
甲状腺機能亢進症,4.0
吐血,4.0
胆管炎,4.0
チアノーゼ,4.0
血液検査異常,4.0
頚椎骨折,4.0
前立腺炎,4.0
悪性腹水,4.0
白血病,4.0
構語障害,4.0
心血管障害,4.0
傾眠,4.0
坐骨神経痛,4.0
口腔カンジダ症,4.0
胆嚢癌,4.0
交通事故,4.0
口腔内潰瘍形成,4.0
歯膿瘍,4.0
肝新生物,4.0
非感染性髄膜炎,4.0
眼充血,3.0
尿管結石症,3.0
クラミジア感染,3.0
硬膜炎,3.0
扁平苔癬,3.0
甲状腺炎,3.0
硬結性紅斑,3.0
足関節部骨折,3.0
非定型大腿骨骨折,3.0
ブドウ球菌性胃腸炎,3.0
尿細管間質性腎炎ぶどう膜炎症候群,3.0
動脈炎,3.0
動脈血栓症,3.0
企図的製品誤用,3.0
眼の炎症,3.0
静脈血栓症,3.0
眼瞼浮腫,3.0
心筋症,3.0
帯状疱疹性髄膜脳炎,3.0
慢性リンパ性白血病,3.0
心サルコイドーシス,3.0
腎尿細管障害,3.0
脳幹出血,3.0
乳管内増殖性病変,3.0
乳腺管状癌,3.0
膿痂疹,3.0
腎機能検査異常,3.0
ウォルフ・パーキンソン・ホワイト症候群,3.0
直腸Ｓ状結腸癌,3.0
皮膚乾燥,3.0
皮膚ノカルジア症,3.0
遠隔転移を伴う胆嚢癌,3.0
遠隔転移を伴う胃癌,3.0
皮膚の新生物,3.0
心筋虚血,3.0
遠隔転移を伴う肺癌,3.0
腎出血,3.0
副腎機能不全,3.0
皮膚細菌感染,3.0
シュードモナス性敗血症,3.0
平衡障害,3.0
サイトメガロウイルス性小腸炎,3.0
サイトメガロウイルス性胃腸潰瘍,3.0
直腸癌第２期,3.0
軸索型ニューロパチー,3.0
感染性胆管炎,3.0
膵腺癌,3.0
慢性骨髄単球性白血病,3.0
サイトメガロウイルス肝炎,3.0
低カルシウム血症,3.0
顎膿瘍,3.0
皮膚血管炎,3.0
潰瘍,3.0
急性散在性脳脊髄炎,3.0
伝染性紅斑,3.0
脳浮腫,3.0
精巣新生物,3.0
頭部不快感,3.0
縦隔腫瘤,3.0
腸壁気腫症,3.0
多巣性運動ニューロパチー,3.0
毛包炎,3.0
下咽頭癌,3.0
多汗症,3.0
蛋白漏出性胃腸症,3.0
多発ニューロパチー,3.0
多系統萎縮症,3.0
自殺念慮,3.0
血管炎性皮疹,3.0
血管肉腫,3.0
単純ヘルペス脳炎,3.0
結腸膿瘍,3.0
結腸腺癌,3.0
治癒不良,3.0
新生児仮死,3.0
麻痺性イレウス,3.0
結節性硬化型ホジキン病,3.0
大腸感染,3.0
喉頭蓋炎,3.0
注射部位内出血,3.0
水腎症,3.0
腰部脊柱管狭窄症,3.0
製品適用の欠落,3.0
アスペルギローマ,3.0
血中コレステロール増加,3.0
胃腸潰瘍,3.0
血中免疫グロブリンＧ増加,3.0
中毒性ショック症候群,3.0
肝炎,3.0
Ｂ型肝炎ＤＮＡ増加,3.0
レンサ球菌性壊死性筋膜炎,3.0
胃腸障害,3.0
回腸潰瘍,3.0
１型糖尿病,3.0
肝性昏睡,3.0
血栓性静脈炎,3.0
末梢性感覚ニューロパチー,3.0
壊死,3.0
胆汁うっ滞,3.0
血中アルブミン減少,3.0
口唇腫脹,3.0
肛門狭窄,3.0
聴力低下,3.0
リウマトイド結節,3.0
股関節手術,3.0
アミロイドーシス,3.0
全身性エリテマトーデス皮疹,3.0
中枢神経系転移,3.0
ブドウ球菌検査陽性,3.0
ブドウ球菌性蜂巣炎,3.0
脂肪織炎,3.0
糸球体濾過率減少,3.0
角膜炎,3.0
褥瘡性潰瘍,3.0
精巣癌,3.0
子宮内膜症,3.0
不安,3.0
指変形,3.0
横断性脊髄炎,3.0
筋骨格硬直,3.0
赤芽球癆,3.0
誤った製品適用経路,3.0
再発びまん性大細胞型Ｂ細胞性リンパ腫,3.0
歯感染,3.0
機械的イレウス,3.0
腟膿瘍,3.0
自己免疫性溶血性貧血,3.0
丘疹性皮疹,3.0
糸球体腎炎,3.0
うっ血性心筋症,3.0
医療機器使用部位関節感染,3.0
肺癌第４期、細胞タイプ不明,3.0
マイコバクテリウム・アブセサス感染,3.0
肺浸潤,3.0
放線菌性腹部感染,3.0
失語症,3.0
梗塞,3.0
視床出血,3.0
全身性真菌症,3.0
注射部位硬結,3.0
口腔内出血,3.0
ペニシリウム感染,3.0
細菌性リンパ節炎,3.0
抗リン脂質抗体症候群,3.0
落ち着きのなさ,3.0
髄膜腫,3.0
可逆性後白質脳症症候群,3.0
歩行不能,3.0
脊椎障害,3.0
抗合成酵素症候群,3.0
腎アミロイドーシス,2.0
腸の軸捻転,2.0
爪囲炎,2.0
頻呼吸,2.0
脾臓膿瘍,2.0
歯肉癌,2.0
Ｅ型肝炎,2.0
歯髄炎,2.0
片耳難聴,2.0
熱傷,2.0
熱帯性痙性不全麻痺,2.0
脾腫,2.0
熱感,2.0
腸出血,2.0
腓骨神経麻痺,2.0
毛細血管漏出症候群,2.0
注射部位発疹,2.0
腎症,2.0
腫瘍マーカー上昇,2.0
滑液包損傷,2.0
腹部ヘルニア,2.0
骨色素過剰,2.0
食道腺癌,2.0
甲状腺新生物,2.0
腹膜転移,2.0
溺死,2.0
腹膜の悪性新生物,2.0
骨炎,2.0
腕頭静脈血栓症,2.0
消化管のカルチノイド腫瘍,2.0
腹膜膿瘍,2.0
消化管感染,2.0
潜伏結核,2.0
腎炎症候群,2.0
顎関節症候群,2.0
麻痺,2.0
腎尿細管性アシドーシス,2.0
８トリソミー,2.0
水疱性皮膚炎,2.0
鼻漏,2.0
点状出血,2.0
鼻出血,2.0
鼡径部痛,2.0
鼓腸,2.0
腸膀胱瘻,2.0
炎症性腸疾患,2.0
消化管間質性腫瘍,2.0
腎梗塞,2.0
治療ノンレスポンダー,2.0
腸間膜脂肪織炎,2.0
治療用製品効果不十分,2.0
腎明細胞癌,2.0
直腸穿孔,2.0
甲状腺未分化癌,2.0
頭蓋内腫瘤,2.0
羊膜腔感染,2.0
胎児心拍数減少,2.0
総蛋白増加,2.0
舌扁平上皮癌,2.0
胎児障害,2.0
自殺既遂,2.0
統合失調症,2.0
結腸癌第１期,2.0
血腫,2.0
結節性硬化症型ホジキン病第３期,2.0
胸腔内リンパ節結核,2.0
製品使用過程における誤った技法,2.0
胸腺腫,2.0
複雑骨折,2.0
細菌性腹膜炎,2.0
細菌性腸炎,2.0
自殺企図,2.0
細菌性腎盂腎炎,2.0
細菌性胃腸炎,2.0
胸部コンピュータ断層撮影異常,2.0
細菌性敗血症,2.0
視神経乳頭血管炎,2.0
細菌性心内膜炎,2.0
細菌性尿路感染,2.0
細菌性下気道感染,2.0
自己免疫障害,2.0
歯周炎,2.0
腸管皮膚瘻,2.0
視野欠損,2.0
胆道感染,2.0
耳感染,2.0
耳鳴,2.0
肺動脈血栓症,2.0
薬物不耐性,2.0
薬物特異性抗体陽性,2.0
肺胞蛋白症,2.0
薬物相互作用,2.0
胃のカルチノイド腫瘍,2.0
肺結核腫,2.0
胃新生物,2.0
肺空洞形成,2.0
虫垂粘液嚢胞,2.0
虹彩毛様体炎,2.0
蛋白尿,2.0
肺炎球菌性敗血症,2.0
蝶形皮疹,2.0
肺サルコイドーシス,2.0
血清フェリチン増加,2.0
胃炎,2.0
股関節形成,2.0
良性新生物,2.0
胃癌第４期,2.0
血中ナトリウム減少,2.0
血中免疫グロブリンＧ減少,2.0
良性単クローン性高γグロブリン血症,2.0
胃腺癌,2.0
胃食道逆流性疾患,2.0
良性前立腺肥大症,2.0
胆嚢癌第４期,2.0
肝アメーバ症,2.0
舌潰瘍,2.0
精神障害,2.0
脂肪肝,2.0
自己免疫性甲状腺炎,2.0
関節形成,2.0
脛骨骨折,2.0
過角化,2.0
皮膚壊死,2.0
皮膚嚢腫,2.0
遠隔転移を伴う悪性黒色腫,2.0
皮膚サルコイドーシス,2.0
膵管内乳頭粘液性腫瘍,2.0
遠隔転移を伴う膀胱癌,2.0
白血球増加症,2.0
白癬感染,2.0
錯乱状態,2.0
錯感覚,2.0
閉塞性細気管支炎,2.0
発声障害,2.0
皮膚脆弱性,2.0
膵新生物,2.0
痔瘻,2.0
痔核,2.0
痒疹,2.0
膝関節変形,2.0
陰嚢水瘤,2.0
脳脊髄炎,2.0
電撃性紫斑病,2.0
静脈塞栓症,2.0
膝手術,2.0
異型肺炎,2.0
甲状腺腫,2.0
頚部腫瘤,2.0
運動失調,2.0
皮膚腫瘤,2.0
脊椎手術,2.0
硬膜下血腫,2.0
筋萎縮,2.0
誤嚥,2.0
筋膜炎,2.0
脊椎関節障害,2.0
筋断裂,2.0
穿孔性虫垂炎,2.0
穿孔性十二指腸潰瘍,2.0
脊椎骨折,2.0
移行上皮癌,2.0
脊髄梗塞,2.0
神経過敏,2.0
神経膠芽細胞腫,2.0
神経精神ループス,2.0
破裂性脳動脈瘤,2.0
脊髄膿瘍,2.0
眼部リンパ腫,2.0
眼筋麻痺,2.0
眼瞼腫脹,2.0
眼球運動失調,2.0
眼出血,2.0
眼そう痒症,2.0
足骨折,2.0
真菌性関節炎,2.0
軟部組織感染,2.0
脊髄症,2.0
真菌性気道感染,2.0
透析,2.0
直腸潰瘍,2.0
腸瘻造設,2.0
β溶血性レンサ球菌感染,2.0
ムコール症,2.0
ジスキネジア,2.0
サイトメガロウイルス性大腸炎,2.0
サイトメガロウイルス性胃腸炎,2.0
心室性不整脈,2.0
呼吸停止,2.0
サイトメガロウイルス血症,2.0
サルモネラ性敗血症,2.0
サルモネラ症,2.0
代謝性アシドーシス,2.0
仙腸骨炎,2.0
シュワン細胞腫,2.0
後天性血友病,2.0
形質芽球性リンパ腫,2.0
心拍数不整,2.0
スチル病,2.0
ステロイド糖尿病,2.0
乾癬性関節症,2.0
平滑筋肉腫,2.0
唾液腺新生物,2.0
唾液腺炎,2.0
ツベルクリン反応陽性,2.0
巨大結腸,2.0
乳腺炎,2.0
尿路結石,2.0
乳癌第４期,2.0
味覚消失,2.0
味覚不全,2.0
喉頭浮腫,2.0
クロストリジウム・ディフィシレ感染,2.0
傍脊椎膿瘍,2.0
ガス壊疽,2.0
反応性関節炎,2.0
便潜血陽性,2.0
クッシング様症状,2.0
息詰まり感,2.0
息詰まり,2.0
体重増加,2.0
急性骨髄単球性白血病,2.0
急性腹症,2.0
クレブシエラ菌性肺炎,2.0
急性熱性好中球性皮膚症,2.0
サイトメガロウイルス性十二指腸炎,2.0
口唇浮腫,2.0
急性副鼻腔炎,2.0
口腔内扁平上皮癌,2.0
急性中耳炎,2.0
急性リンパ性白血病,2.0
口腔内痛,2.0
心臓弁膜疾患,2.0
伝染性単核症肝炎,2.0
伝染性単核症,2.0
口腔粘膜びらん,2.0
大腸菌感染,2.0
喉頭扁平上皮癌,2.0
尿管癌,2.0
カンジダ性網膜炎,2.0
妊娠糖尿病,2.0
子宮腫瘤,2.0
不眠症,2.0
不正子宮出血,2.0
下部消化管穿孔,2.0
下部消化管出血,2.0
下腹部痛,2.0
子宮内膜増殖症,2.0
子宮内感染,2.0
上部消化管出血,2.0
メニエール病,2.0
大動脈弁狭窄,2.0
リウマチ因子増加,2.0
マイコバクテリウム・ケロナエ感染,2.0
大動脈瘤,2.0
リステリア性脳炎,2.0
好酸球増加症,2.0
三叉神経痛,2.0
大脳萎縮,2.0
リンパ球性下垂体炎,2.0
大脳静脈洞血栓症,2.0
好中球性皮膚症,2.0
失見当識,2.0
大腸潰瘍,2.0
大腸菌性腎盂腎炎,2.0
子宮頚部扁平上皮癌,2.0
マイコバクテリウム・カンサシイ感染,2.0
乳癌第２期,2.0
壊死性強膜炎,2.0
ドライアイ,2.0
乳房腫瘤,2.0
喘鳴,2.0
嚢胞,2.0
乳児無呼吸,2.0
四肢静脈血栓症,2.0
パーキンソニズム,2.0
パーキンソン病,2.0
乳アレルギー,2.0
塞栓性脳卒中,2.0
塞栓性脳梗塞,2.0
中毒性脳症,2.0
ホジキン病第４期,2.0
フサリウム感染,2.0
壊死性軟部組織感染,2.0
壊疽,2.0
ブドウ球菌性心内膜炎,2.0
中枢神経系結核腫,2.0
中枢神経系病変,2.0
変形性脊椎症,2.0
変色便,2.0
ヘマトクリット減少,2.0
中枢神経系リンパ腫,2.0
ヘリコバクター感染,2.0
卵巣転移,2.0
右室不全,2.0
カンジダ性眼内炎,2.0
慢性皮膚エリテマトーデス,2.0
放線菌性肺感染,2.0
化膿性筋炎,2.0
再発結腸癌,2.0
医療機器の問題,2.0
播種性クリプトコッカス症,2.0
アレルギー性気管支肺アスペルギルス症,2.0
排尿困難,2.0
抗核抗体陽性,2.0
抗核抗体増加,2.0
抗好中球細胞質抗体陽性,2.0
抗利尿ホルモン不適合分泌,2.0
医療機器使用過程における誤った技法,2.0
抑うつ症状,2.0
手足口病,2.0
ウイルス性出血性膀胱炎,2.0
医療機器関連敗血症,2.0
全頭脱毛症,2.0
全身性炎症反応症候群,2.0
単クローン性免疫グロブリン血症,2.0
放線菌症,2.0
化膿性滑膜炎,2.0
再発肺癌、細胞タイプ不明,2.0
びまん性汎細気管支炎,2.0
出血性膀胱炎,2.0
橈骨骨折,2.0
出血性腸炎,2.0
橈骨神経麻痺,2.0
ざ瘡様皮膚炎,2.0
前立腺膿瘍,2.0
栄養補給障害,2.0
びまん性大細胞型Ｂ細胞性リンパ腫第２期,2.0
びまん性肺胞障害,2.0
新生児一過性頻呼吸,2.0
副甲状腺機能亢進症,2.0
副耳,2.0
出血性梗塞,2.0
処置による疼痛,2.0
アスペルギルス検査陽性,2.0
創腐敗,2.0
加齢黄斑変性,2.0
労作性呼吸困難,2.0
慢性糸球体腎炎,2.0
握力低下,2.0
大腸菌性菌血症,2.0
免疫再構築炎症反応症候群関連結核,2.0
感染性皮膚炎,2.0
感染性皮膚潰瘍,2.0
免疫応答低下,2.0
カプノサイトファーガ感染,2.0
慢性中耳炎,2.0
カテーテル留置部位感染,2.0
慢性呼吸不全,2.0
感音性難聴,2.0
感染性胆嚢炎,2.0
卵巣良性腫瘍,2.0
処置後合併症,1.0
中咽頭カンジダ症,1.0
両麻痺,1.0
薬物依存,1.0
処置による出血,1.0
不規則月経,1.0
先天異常,1.0
舌炎,1.0
凝血異常,1.0
出血性十二指腸潰瘍,1.0
腸間膜静脈血栓症,1.0
低身長症,1.0
再発胃癌,1.0
出血性直腸潰瘍,1.0
腎新生物,1.0
不思議の国のアリス症候群,1.0
中咽頭扁平上皮癌,1.0
再発腎細胞癌,1.0
腎細胞癌第１期,1.0
中心性肥満,1.0
中枢神経系血管炎,1.0
再発膀胱癌,1.0
中毒性ネフロパシー,1.0
芽球細胞数増加,1.0
苔癬様角化症,1.0
若年性特発性関節炎,1.0
再発膵癌,1.0
葉酸欠乏性貧血,1.0
冠動脈狭窄,1.0
腸骨動脈破裂,1.0
冠動脈疾患,1.0
冷式溶血性貧血,1.0
不快感,1.0
光視症,1.0
蔔行性脈絡膜炎,1.0
蕁麻疹様血管炎,1.0
不全単麻痺,1.0
不安障害,1.0
三尖弁閉鎖不全症,1.0
腎動脈炎,1.0
側頭動脈炎,1.0
腸管虚血,1.0
三叉神経炎,1.0
血中ビリルビン増加,1.0
腎前性腎不全,1.0
出血性脳梗塞,1.0
偶発的過量投与,1.0
血中ブドウ糖増加,1.0
血中ブドウ糖減少,1.0
血中ブドウ糖異常,1.0
一過性脳虚血発作,1.0
血中免疫グロブリンＡ減少,1.0
レンサ球菌性髄膜炎,1.0
腎クレアチニン・クリアランス減少,1.0
レンサ球菌性毒素性ショック症候群,1.0
先天性難聴,1.0
血中コレステロール異常,1.0
上咽頭癌,1.0
不安定狭心症,1.0
腎嚢胞感染,1.0
中毒性表皮壊死融解症,1.0
腎性貧血,1.0
下垂体腫瘍,1.0
下垂体炎,1.0
下垂体機能低下症,1.0
下垂体の悪性腫瘍,1.0
血中β−Ｄ−グルカン異常,1.0
腸間膜新生物,1.0
腎後性腎不全,1.0
腸間膜動脈閉塞,1.0
上矢状洞血栓症,1.0
血中カルシウム増加,1.0
出血性素因,1.0
健忘,1.0
上皮内癌,1.0
出血性肺炎,1.0
側弯症,1.0
低血糖昏睡,1.0
腸ヘルニア,1.0
舌浮腫,1.0
膵嚢胞,1.0
腸切除,1.0
企図的過少量投与,1.0
企図的製品使用の問題,1.0
腫瘍細胞の骨髄浸潤,1.0
腹部リンパ節腫脹,1.0
膠原病,1.0
低クロール血症,1.0
膵仮性嚢胞,1.0
膵壊死,1.0
膵神経内分泌腫瘍,1.0
膵感染,1.0
人格変化,1.0
腫瘍破裂,1.0
腫瘍熱,1.0
腹膜障害,1.0
腫瘍性塞栓症,1.0
人工流産,1.0
低体温,1.0
会話障害,1.0
全身性強直性間代性発作,1.0
免疫性筋炎,1.0
全血球数減少,1.0
免疫性腸炎,1.0
腱鞘炎,1.0
腹部感染,1.0
膀胱壊死,1.0
会陰膿瘍,1.0
膀胱瘻,1.0
会陰感染,1.0
腱障害,1.0
膀胱癌第０期、上皮内癌を伴う,1.0
膀胱癌第１期、上皮内癌を除く,1.0
腹部不快感,1.0
腱索断裂,1.0
膀胱癌第４期,1.0
免疫系障害,1.0
腱付着部症,1.0
免疫複合体濃度増加,1.0
膀胱移行上皮癌,1.0
亜急性硬化性全脳炎,1.0
二本鎖ＤＮＡ抗体陽性,1.0
舌根沈下,1.0
乳房の良性新生物,1.0
腹膜穿孔,1.0
腓骨骨折,1.0
自己免疫性腎炎,1.0
自己免疫性膵炎,1.0
低血圧,1.0
乳房新生物,1.0
自己抗体陽性,1.0
自律神経ニューロパチー,1.0
腓骨神経損傷,1.0
膵腫瘤,1.0
乳児嘔吐,1.0
腹膜偽粘液腫,1.0
腸球菌性尿路感染,1.0
乳児の栄養摂取不良,1.0
腸症関連Ｔ細胞性リンパ腫,1.0
低血糖性脳症,1.0
舌出血,1.0
低γグロブリン血症,1.0
乳房膿瘍,1.0
乳房障害,1.0
再発小腸癌,1.0
低蛋白血症,1.0
膿気胸,1.0
腫瘍崩壊症候群,1.0
乳頭腫ウイルス感染,1.0
腫瘍マーカー異常,1.0
円形脱毛症,1.0
乳頭の悪性新生物,1.0
乳酸アシドーシス,1.0
腸憩室,1.0
乳腺粘液癌,1.0
腸潰瘍,1.0
膿瘡,1.0
再発卵巣癌,1.0
腹膜血腫,1.0
膿腎症,1.0
臍帯異常,1.0
腟扁平上皮癌,1.0
腸管瘻感染,1.0
中葉症候群,1.0
歩行障害者,1.0
レンサ球菌性敗血症,1.0
頻尿,1.0
頻脈性不整脈,1.0
カンピロバクター胃腸炎,1.0
顆粒細胞腫,1.0
顎の骨折,1.0
顎下腺腫大,1.0
顎痛,1.0
顎筋跛行,1.0
カンピロバクター感染,1.0
カンピロバクター性敗血症,1.0
カンピロバクター大腸炎,1.0
カンジダ検査陽性,1.0
カンジダ性心内膜炎,1.0
カポジ水痘様発疹,1.0
カテーテル留置部位血栓症,1.0
食道結核,1.0
エンドトキシンショック,1.0
食道静脈瘤,1.0
骨の肉腫,1.0
骨侵食,1.0
骨嚢腫,1.0
エンテロバクター感染,1.0
骨変形,1.0
エルシニア性敗血症,1.0
エプスタイン・バーウイルス陽性皮膚粘膜潰瘍,1.0
骨癌,1.0
骨盤内感染,1.0
骨盤新生物,1.0
キャッスルマン病,1.0
頭頚部癌,1.0
隆起性皮膚線維肉腫,1.0
頭部損傷,1.0
電解質失調,1.0
静脈周囲炎,1.0
コーガン症候群,1.0
静脈損傷,1.0
コンピュータ断層撮影異常,1.0
静脈瘤,1.0
コンパートメント症候群,1.0
非アルコール性脂肪性肝炎,1.0
コントロール不良の糖尿病,1.0
非ホジキンリンパ腫第４期,1.0
非定型マイコバクテリア下気道感染,1.0
コリン性蕁麻疹,1.0
コリネバクテリウム感染,1.0
ケラトアカントーマ,1.0
非小細胞肺癌第３Ｂ期,1.0
非感染性脳炎,1.0
クロストリジウム菌性胃腸炎,1.0
靱帯捻挫,1.0
頚動脈血栓症,1.0
頚部痛,1.0
クロイツフェルト・ヤコブ病,1.0
頚部膿瘍,1.0
頚静脈血栓症,1.0
頭蓋内出血,1.0
頭蓋内動脈瘤,1.0
クレブシエラ性敗血症,1.0
クリプトコッカス皮膚感染,1.0
骨盤腔内腫瘤,1.0
骨盤膿瘍,1.0
エプスタイン・バーウイルス血症,1.0
エプスタイン・バーウイルス抗体陽性,1.0
アテローム塞栓症,1.0
鼓膜穿孔,1.0
鼡径ヘルニア,1.0
鼡径部膿瘍,1.0
アスペルギルス性副鼻腔炎,1.0
アスパラギン酸アミノトランスフェラーゼ異常,1.0
鼻脳型ムコール症,1.0
鼻膿瘍,1.0
アシネトバクター性菌血症,1.0
１型過敏症,1.0
２型糖尿病,1.0
３型免疫複合体型反応,1.0
アシドーシス,1.0
よう,1.0
ほてり,1.0
びらん性胃炎,1.0
Ｂ型肝炎ＤＮＡ測定陽性,1.0
てんかん重積状態,1.0
Ｃ−反応性蛋白減少,1.0
そう痒性皮疹,1.0
ＣＯＶＩＤ−１９,1.0
じん肺症,1.0
ざ瘡,1.0
ＪＣウイルス感染,1.0
Ｓ状結腸切除,1.0
くも膜炎,1.0
あざ,1.0
アトピー性皮膚炎,1.0
アナフィラキシー様ショック,1.0
アミラーゼ増加,1.0
インターロイキン２受容体増加,1.0
ウイルス性胃炎,1.0
骨膿瘍,1.0
ウイルス性結膜炎,1.0
ウイルス性発疹,1.0
ウイルス性気道感染,1.0
骨髄浸潤,1.0
ウイルス性咽頭炎,1.0
骨髄異形成症候群の転化,1.0
骨髄障害,1.0
ウイルス性リンパ節炎,1.0
インフルエンザ脳炎,1.0
高アミラーゼ血症,1.0
インターロイキン濃度増加,1.0
アメーバ性大腸炎,1.0
高コレステロール血症,1.0
高ビリルビン血症,1.0
アラニンアミノトランスフェラーゼ異常,1.0
高比重リポ蛋白減少,1.0
高炭酸ガス血症,1.0
アメーバ赤痢,1.0
アメーバ性髄膜脳炎,1.0
高血圧切迫症,1.0
高血圧性脳症,1.0
高血圧性腎症,1.0
麻疹,1.0
麻疹性肺炎,1.0
サイトカインストーム,1.0
陰部ヘルペス,1.0
血中尿酸増加,1.0
表在性血栓性静脈炎,1.0
補体成分Ｃ３減少,1.0
脾臓結核,1.0
ミオクローヌス,1.0
製品保管過誤,1.0
マラセチア感染,1.0
複視,1.0
マイコプラズマ感染,1.0
ポリープ状脈絡膜血管症,1.0
ホジキン病第３期,1.0
ペプトストレプトコッカス検査陽性,1.0
視神経症,1.0
視神経脊髄炎スペクトラム障害,1.0
角化型上咽頭扁平上皮癌,1.0
ヘリコバクター性敗血症,1.0
ヘモフィルス感染,1.0
ヘモグロビン増加,1.0
ヘマトクリット増加,1.0
プリンツメタル狭心症,1.0
ブドウ球菌皮膚感染,1.0
ブドウ球菌感染性滑液包炎,1.0
赤血球数増加,1.0
赤血球数減少,1.0
起立障害,1.0
足のもつれ,1.0
足部手術,1.0
足部白癬,1.0
足関節手術,1.0
メサンギウム増殖性糸球体腎炎,1.0
術後膿瘍,1.0
サイトメガロウイルス性単核症,1.0
術後呼吸窮迫,1.0
レンサ球菌性外陰腟炎,1.0
レジオネラ感染,1.0
ループス胸膜炎,1.0
リンパ腫性乳頭状嚢胞腺腫,1.0
リンパ節膿瘍,1.0
リンパ節痛,1.0
リンパ管腫,1.0
リンパ球減少症,1.0
血性水疱,1.0
リンパ球数異常,1.0
リンパ浮腫,1.0
血沈亢進,1.0
リンパ嚢腫,1.0
リニアＩｇＡ病,1.0
血清病様反応,1.0
血球数異常,1.0
リステリア検査陽性,1.0
リウマチ性障害,1.0
血管免疫芽球性Ｔ細胞性リンパ腫,1.0
ラベル表示された薬物−薬物相互作用による投薬過誤,1.0
モラクセラ菌性肺炎,1.0
モノクローナル免疫グロブリン増加,1.0
血管芽腫,1.0
血胸,1.0
メトヘモグロビン血症,1.0
血腫感染,1.0
メッケル憩室炎,1.0
ブドウ球菌性壊死性筋膜炎,1.0
躁病,1.0
身体疾患による睡眠障害、不眠症型,1.0
フォークト・小柳・原田病,1.0
トランスアミナーゼ上昇,1.0
遠隔転移を伴う肺扁平上皮癌,1.0
ツツガ虫病,1.0
セミノーマ,1.0
遠隔転移を伴う腎癌,1.0
遠隔転移を伴う腎細胞癌,1.0
遠隔転移を伴う腟癌,1.0
ストレス骨折,1.0
遠隔転移を伴う膵癌,1.0
遠隔転移を伴う食道癌,1.0
遠隔転移を伴う骨癌,1.0
ストレス,1.0
部分発作,1.0
重鎖病,1.0
ジアルジア症,1.0
鎖骨骨折,1.0
ショック症状,1.0
シュードモナス性尿路感染,1.0
閉塞性膵炎,1.0
間質性膀胱炎,1.0
シャント感染,1.0
関節固定術,1.0
サルモネラ菌性髄膜炎,1.0
関節滲出液,1.0
サイトメガロウイルス検査陽性,1.0
サイトメガロウイルス性食道炎,1.0
サイトメガロウイルス性消化管感染,1.0
遠隔転移を伴う結腸癌,1.0
遠隔転移を伴う直腸Ｓ状結腸癌,1.0
遠隔転移を伴う直腸癌,1.0
バラムチア感染,1.0
軟部組織新生物,1.0
軟骨肉腫,1.0
フィブリンＤダイマー増加,1.0
ヒト乳頭腫ウイルス検査陽性,1.0
ヒトヘルペスウイルス６感染再燃,1.0
辺縁系脳炎,1.0
逆行性健忘,1.0
ヒストプラスマ症,1.0
遅延分娩,1.0
運動性低下,1.0
運動耐性低下,1.0
パニック障害,1.0
過換気,1.0
遠隔転移を伴う甲状腺癌,1.0
バチルス性菌血症,1.0
過敏性腸症候群,1.0
バセドウ病,1.0
ネコ引っかき病,1.0
ナチュラルキラー細胞白血病,1.0
過量投与,1.0
遠隔転移を伴うリンパ腫,1.0
遠隔転移を伴う卵巣癌,1.0
遠隔転移を伴う唾液腺癌,1.0
遠隔転移を伴う小細胞肺癌,1.0
遠隔転移を伴う小腸癌,1.0
トロポニンＩ増加,1.0
分娩停止,1.0
脂肪腫,1.0
脾臓病変,1.0
眼の障害,1.0
皮膚粘膜眼症候群,1.0
後腹膜癌,1.0
後腹膜新生物,1.0
皮膚肉芽腫,1.0
後腹膜感染,1.0
後腹膜出血,1.0
皮膚良性新生物,1.0
皮膚障害,1.0
直腸周囲膿瘍,1.0
形質細胞腫,1.0
直腸狭窄,1.0
強皮症様反応,1.0
幽門狭窄,1.0
直腸癌第３期,1.0
幻視,1.0
直腸結腸切除,1.0
直腸腺癌,1.0
真珠腫,1.0
真菌性副鼻腔炎,1.0
真菌性敗血症,1.0
平滑筋細胞新生物,1.0
帯状疱疹性髄膜脊髄炎,1.0
巨赤芽球性貧血,1.0
左方移動,1.0
左室不全,1.0
尿路障害,1.0
眼の異常感,1.0
皮膚粘膜潰瘍形成,1.0
後腹膜腫瘤,1.0
皮膚神経内分泌癌,1.0
心穿孔,1.0
心電図異常,1.0
心臓損傷,1.0
白血球百分率数異常,1.0
白血病再発,1.0
白質病変,1.0
心臓弁破裂,1.0
百日咳,1.0
心耳閉鎖,1.0
心筋断裂,1.0
皮下血腫,1.0
心窩部不快感,1.0
皮膚びらん,1.0
心機能障害,1.0
微小血管症,1.0
心拡大,1.0
皮膚乳頭腫,1.0
心拍数減少,1.0
心房頻脈,1.0
心房拡張,1.0
皮膚変色,1.0
心室血栓症,1.0
心タンポナーデ,1.0
微少病変糸球体腎炎,1.0
皮膚疼痛,1.0
皮膚病性リンパ節症,1.0
皮膚症状,1.0
眼の異物感,1.0
尿路性敗血症,1.0
子宮肉腫,1.0
尿蛋白,1.0
神経根障害,1.0
神経梅毒,1.0
神経症,1.0
神経痛,1.0
小腸手術,1.0
小腸切除,1.0
小腸出血,1.0
小脳萎縮,1.0
禁忌製品使用,1.0
移植後リンパ増殖性障害,1.0
小脳性運動失調,1.0
小細胞癌,1.0
小水疱性皮疹,1.0
穿孔性吻合部潰瘍,1.0
穿孔性大腸潰瘍,1.0
穿孔性潰瘍,1.0
封入体筋炎,1.0
寝汗,1.0
寝たきり,1.0
安静時呼吸困難,1.0
窒息,1.0
第２期梅毒,1.0
第３期梅毒,1.0
筋サルコイドーシス,1.0
子宮頚部障害,1.0
子宮頚部癌第４期,1.0
子宮頚部癌第２期,1.0
神経損傷,1.0
神経原性ショック,1.0
神経サルコイドーシス,1.0
尿中ブドウ糖陽性,1.0
尿管狭窄,1.0
眼外傷,1.0
眼帯状疱疹,1.0
尿管ポリープ,1.0
眼瞼の悪性黒色腫,1.0
尿崩症,1.0
眼瞼紅斑,1.0
尿中血陽性,1.0
眼瞼膿瘍,1.0
眼窩蜂巣炎,1.0
尿中蛋白陽性,1.0
眼運動障害,1.0
眼部手術,1.0
硬膜膿瘍,1.0
眼部新生物,1.0
睡眠の質低下,1.0
尺骨骨折,1.0
硝子体混濁,1.0
硝子体炎,1.0
硝子体障害,1.0
硬化性骨炎,1.0
小葉性脂肪織炎,1.0
硬膜下ヒグローマ,1.0
小腸閉塞,1.0
小腸瘻,1.0
小腸捻転,1.0
急性冠動脈症候群,1.0
白斑症,1.0
白斑,1.0
急性前骨髄球性白血病,1.0
汗腺炎,1.0
新生児脳室内出血,1.0
新生児脳出血,1.0
新生児徐脈,1.0
治療用製品効果減弱,1.0
新生児呼吸障害,1.0
泌尿生殖器結核,1.0
注射痕,1.0
新生児くも膜下出血,1.0
敗血症性肺塞栓症,1.0
注射部位変色,1.0
注射部位炎症,1.0
注射部位熱感,1.0
放射線肺臓炎,1.0
播種性ＢＣＧ感染,1.0
播種性アスペルギルス症,1.0
注射部位腫瘤,1.0
洞結節機能不全,1.0
排便回数増加,1.0
消化性潰瘍,1.0
抗好中球細胞質抗体増加,1.0
消化管アミロイドーシス,1.0
抗リン脂質抗体陽性,1.0
投与部位反応,1.0
涙液分泌低下,1.0
手骨折,1.0
手根管除圧,1.0
汗孔癌,1.0
汎血管炎,1.0
新生児高ビリルビン血症,1.0
未分化大細胞型リンパ腫,1.0
歯嚢胞,1.0
歯奇形,1.0
歯槽骨炎,1.0
歯肉出血,1.0
歯肉炎,1.0
歯肉障害,1.0
検査異常,1.0
椎骨動脈閉塞,1.0
椎間板突出,1.0
栄養障害,1.0
末梢動脈閉塞性疾患,1.0
末梢動脈閉塞,1.0
気管支痙攣,1.0
水頭症,1.0
β２ミクログロブリン増加,1.0
気管支閉塞,1.0
気管気管支炎,1.0
気管炎,1.0
有害事象なし,1.0
気象変化過敏,1.0
有害事象,1.0
書字障害,1.0
時期不明な母体の曝露,1.0
日本紅斑熱,1.0
水痘帯状疱疹ウイルス感染,1.0
新生物進行,1.0
扁桃肥大,1.0
扁桃周囲炎,1.0
慢性Ｃ型肝炎,1.0
悪性上衣細胞腫,1.0
感染後糸球体腎炎,1.0
球麻痺,1.0
産褥期発熱,1.0
感染再燃,1.0
感情的苦悩,1.0
感情不安定,1.0
悪性髄膜腫,1.0
悪性線維性組織球腫,1.0
悪性新生物進行,1.0
悪性中皮腫,1.0
甲状腺腫瘤,1.0
男性乳癌,1.0
性器膿瘍,1.0
特発性間質性肺炎,1.0
急性Ｃ型肝炎,1.0
急性骨髄性白血病への転化,1.0
痂皮,1.0
急性胆管炎,1.0
急性肺水腫,1.0
急性移植片対宿主病,1.0
痰貯留,1.0
瘢痕,1.0
瘢痕ヘルニア,1.0
急性白血病,1.0
急性好酸球性肺炎,1.0
急性副腎皮質機能不全,1.0
感染性下痢,1.0
物質誘発性精神病性障害,1.0
慢性骨髄炎,1.0
炎症マーカー上昇,1.0
滑膜切除,1.0
滑膜炎,1.0
滑膜障害,1.0
漿液性網膜剥離,1.0
漿膜炎,1.0
慢性骨髄性白血病急性転化,1.0
慢性閉塞性肺疾患,1.0
潰瘍性出血,1.0
慢性気管支炎,1.0
激越,1.0
濾胞中心リンパ腫、濾胞グレード１、２、３,1.0
慢性扁桃炎,1.0
無嗅覚,1.0
片頭痛,1.0
無感情,1.0
無月経,1.0
無気肺,1.0
感覚消失,1.0
感染性血栓症,1.0
感染性精索炎,1.0
感染性筋炎,1.0
熱性痙攣,1.0
爪感染,1.0
爪甲剥離症,1.0
感染性皮膚嚢腫,1.0
感染性嚢腫,1.0
子宮頚部癌第０期,1.0
筋萎縮性側索硬化症,1.0
刺激無反応,1.0
胎児ジストレス症候群,1.0
口腔そう痒症,1.0
口唇紅斑,1.0
胃癌第１期,1.0
口唇炎,1.0
口唇びらん,1.0
口唇および口腔内癌,1.0
胃腸異形成,1.0
胃腸管狭窄,1.0
収縮期血圧低下,1.0
収縮期血圧上昇,1.0
胃腺腫,1.0
胃転移,1.0
胃閉塞,1.0
胃食道癌,1.0
収縮性心膜炎,1.0
胆嚢損傷,1.0
反回神経麻痺,1.0
原虫性脳炎,1.0
胆嚢腺癌,1.0
原発巣不明の悪性新生物,1.0
胆汁性嚢胞,1.0
卵管炎,1.0
卵管卵巣炎,1.0
卵巣顆粒卵胞膜細胞腫,1.0
胆管細胞癌,1.0
胆道仙痛,1.0
卵巣腺腫,1.0
胃ポリープ,1.0
口腔内白斑症,1.0
肺高血圧症,1.0
肺癌第０期、細胞タイプ不明,1.0
肺扁平上皮癌第３期,1.0
咽頭腫脹,1.0
咽頭癌,1.0
咽頭病変,1.0
咽頭潰瘍,1.0
咽頭浮腫,1.0
咽頭の炎症,1.0
肺炎球菌性気管支炎,1.0
咽喉頭膿瘍,1.0
咽喉絞扼感,1.0
肺炎球菌性髄膜炎,1.0
咽喉刺激感,1.0
肺癌第１期、細胞タイプ不明,1.0
口腔新生物,1.0
咽喉乾燥,1.0
咳喘息,1.0
呼吸器モニリア症,1.0
味覚障害,1.0
肺肉芽腫,1.0
吻合部狭窄,1.0
各種物質毒性,1.0
肺腺癌第４期,1.0
可逆性脳血管収縮症候群,1.0
口腔膿瘍,1.0
口腔腫脹,1.0
口腔浮腫,1.0
胎便吸引症候群,1.0
胎児徐脈,1.0
筋酵素上昇,1.0
胎児心拍数増加,1.0
化膿性分泌物,1.0
動脈瘤,1.0
脊髄障害,1.0
創部膿瘍,1.0
脱力発作,1.0
創傷,1.0
副鼻腔および鼻腔悪性新生物第２期,1.0
副腎障害,1.0
脳の悪性新生物,1.0
脳トキソプラズマ症,1.0
副腎腺腫,1.0
脳室内出血,1.0
副腎腫瘤,1.0
脳幹梗塞,1.0
脳幹脳炎,1.0
脳性ナトリウム利尿ペプチド前駆体Ｎ端フラグメント増加,1.0
副腎肥大,1.0
副腎癌,1.0
剥脱性発疹,1.0
前置胎盤,1.0
脳神経障害,1.0
前立腺特異性抗原増加,1.0
脳血栓症,1.0
脳血管収縮,1.0
脳血管周囲腔拡大,1.0
前房蓄膿,1.0
脳表ヘモジデリン沈着症,1.0
化膿性肉芽腫,1.0
医療機器のゆるみ,1.0
医療機器不具合,1.0
単麻痺,1.0
卵巣腫瘤,1.0
胎児心拍数異常,1.0
胎児機能不全心拍パターン,1.0
卵巣漿液性嚢胞腺癌,1.0
卵巣新生物,1.0
卵巣上皮癌,1.0
胎動低下,1.0
胎盤早期剥離,1.0
胎盤機能不全,1.0
胚細胞癌,1.0
胸椎骨折,1.0
印環細胞癌,1.0
単球数増加,1.0
脊椎すべり症,1.0
半月板損傷,1.0
胸膜転移,1.0
十二指腸炎,1.0
医療機器排出,1.0
医療機器使用部位浮腫,1.0
脂肪肉腫,1.0
脂肪肉芽腫,1.0
歯周病,1.0
脈絡膜の良性新生物,1.0
脈絡膜新生物,1.0
脊柱損傷,1.0
脊柱管狭窄症,1.0
咽頭膿瘍,1.0
唾液腺手術,1.0
唾液腺腫,1.0
肺動脈瘤,1.0
女性生殖器結核,1.0
女性生殖器瘻,1.0
細菌性腟症,1.0
失認症,1.0
失行症,1.0
失神寸前の状態,1.0
失神,1.0
大血管障害,1.0
組織球性壊死性リンパ節炎,1.0
結晶性関節障害,1.0
大腸閉塞,1.0
大腸腺腫,1.0
結節性多発動脈炎,1.0
大腸出血,1.0
大腸ポリープ切除,1.0
結節性硬化症型ホジキン病第４期,1.0
大脳静脈血栓症,1.0
結腸瘻造設,1.0
大脳障害,1.0
結腸癌第４期,1.0
大脳動脈塞栓症,1.0
結膜充血,1.0
大動脈破裂,1.0
結膜新生物,1.0
網脈絡膜症,1.0
多発骨折,1.0
網膜変性,1.0
細菌性眼感染,1.0
細菌性気管支炎,1.0
細菌性毒血症,1.0
糖尿病性白内障,1.0
子宮穿孔,1.0
子宮新生物,1.0
筋骨格障害,1.0
子宮出血,1.0
節外性辺縁帯Ｂ細胞リンパ腫（ＭＡＬＴ型）第１期,1.0
粉砕骨折,1.0
粘膜疹,1.0
精巣上体炎,1.0
子宮内膜腺癌,1.0
子宮内膜炎,1.0
精神病性障害,1.0
精神症状,1.0
糖尿病性腎症,1.0
好中球数増加,1.0
糖鎖抗原１２５増加,1.0
子宮付属器捻転,1.0
妊娠週に比して小さい児,1.0
妊娠時腎障害,1.0
妊娠悪阻,1.0
妄想,1.0
好酸球性胃腸炎,1.0
細胞遺伝学的異常,1.0
好酸球性結腸炎,1.0
好酸球性多発血管炎性肉芽腫症,1.0
好中球百分率増加,1.0
細菌性扁桃炎,1.0
網膜滲出斑,1.0
網膜炎,1.0
多発性脳神経麻痺,1.0
肝胆道系感染,1.0
肛門直腸静脈瘤出血,1.0
肝嚢胞,1.0
肝嚢胞感染,1.0
埋伏歯,1.0
肝損傷,1.0
国際標準比増加,1.0
回腸切除,1.0
四肢麻痺,1.0
四肢損傷,1.0
四肢壊死,1.0
嚢胞様黄斑浮腫,1.0
肝結核,1.0
嗅覚錯誤,1.0
肛門癌第４期,1.0
肝腺腫,1.0
喉頭蓋浮腫,1.0
肝臓血管腫,1.0
喉頭癌第０期,1.0
喉頭炎,1.0
肝酵素異常,1.0
喉頭不快感,1.0
股関節部骨折,1.0
肺うっ血,1.0
唾液腺障害,1.0
唾液腺腺癌,1.0
肺出血,1.0
壊死性網膜炎,1.0
肛門潰瘍,1.0
網膜静脈血栓症,1.0
縫合部離開,1.0
多形性腺腫,1.0
緊張,1.0
多剤耐性,1.0
総蛋白減少,1.0
外陰部膿瘍,1.0
縦隔の悪性新生物,1.0
外陰部癌,1.0
縦隔原発Ｂ細胞性大細胞型リンパ腫,1.0
縦隔新生物,1.0
縦隔炎,1.0
外耳蜂巣炎,1.0
縫合糸膿瘍,1.0
縫合関連合併症,1.0
肛門扁平上皮癌,1.0
外傷性血腫,1.0
老人性難聴,1.0
耐糖能障害,1.0
外傷性肺損傷,1.0
耳下腺腫大,1.0
外傷性出血,1.0
外側髄症候群,1.0
肉芽腫,1.0
肉芽腫性リンパ節炎,1.0
肉芽腫性皮膚炎,1.0
肋骨骨折,1.0
肛門感染,1.0
Ｔ細胞性リンパ腫第４期,1.0
